student_id,gender,percentage_10,percentage_12,cgpa_sem,basic_aptitude,grade_ICP,grade_OOPS,grade_DSA,grade_DAA,grade_DBMS,grade_OS,grade_CN,grade_IWT,grade_CPMAD,grade_AJ,grade_AWT,communication_skill,aptitude_training_perf,coding_training_perf,national_test_score,amcat_score,num_hackathons,leetcode_solved,github_contrib_score,num_projects,project_depth,num_internships,internship_quality,research_papers,certification_count,attendance_percent,mock_interview_score,personality_score,placement_status
S0001,Male,80.21,82.12,8.1,3,A+,C,A+,B,C,A-,A-,A,B-,A-,A,4,2,2,4,38,0,163,16,3,4,3,0,1,4,84,5,3,1
S0002,Female,81.45,85.95,7.09,1,A-,B,C,A-,C,A+,B,A,A,B+,A,1,5,5,5,70,2,79,0,5,3,3,2,2,4,74,1,4,0
S0003,Female,80.56,65.04,7.73,2,B-,B,B+,A,A,B+,A,B+,A-,A,B+,2,3,4,0,79,2,172,11,3,1,3,1,2,7,88,4,5,1
S0004,Male,75.9,58.12,8.14,2,B-,A,C,A,A,B,B+,A,A,A+,A,3,1,2,5,39,1,178,11,4,0,2,1,2,7,70,2,1,1
S0005,Male,73.03,82.2,6.81,1,A,A,A,C,A-,B,B,C,A+,A-,C,5,4,3,1,83,2,45,10,5,2,1,2,1,1,64,2,4,1
S0006,Male,73.49,77.01,7.41,1,B+,A-,A,A,A+,B+,B+,B-,A,B+,A-,1,3,5,2,39,2,255,10,1,1,1,1,1,7,83,2,5,0
S0007,Male,73.05,73.29,7.43,3,B,B,A-,B-,B,A+,B,A+,A-,B,A-,4,1,3,0,36,2,131,15,2,1,3,0,2,6,58,3,3,1
S0008,Female,86.34,76.65,8.49,1,A,B,B,B+,A+,A-,B+,B+,A+,B+,B,2,3,2,4,61,0,169,4,4,4,0,2,0,5,52,2,1,1
S0009,Female,80.94,75.88,6.22,3,A-,A-,B+,A+,A+,C,A,B,B+,B,A+,5,5,5,1,83,0,135,8,5,0,2,1,0,2,59,2,5,0
S0010,Female,45.6,87.41,7.44,5,B+,B,C,B+,B+,A,A-,A,A-,A,B,2,4,3,2,99,2,104,9,0,3,0,1,2,4,99,1,4,0
S0011,Male,81.56,87.54,9.79,2,A,B-,A+,B-,C,A,B+,B+,A+,A+,B,3,3,4,5,92,0,25,10,2,3,2,0,1,1,64,4,5,1
S0012,Female,76.95,78.53,8.9,2,A+,A+,B,B,A-,B,B,A-,B,A,B+,4,4,1,4,63,0,0,2,4,1,2,1,1,8,65,4,5,0
S0013,Female,74.81,82.15,9.12,2,A,B+,A,B+,A-,B,B,A,B,B,C,5,2,1,2,72,3,253,10,1,1,2,0,0,4,62,5,1,1
S0014,Male,71.11,78.17,7.53,5,B,B,A,B-,D,C,A-,B,B-,B,B+,5,2,3,5,34,2,210,7,3,0,0,3,1,7,93,2,2,0
S0015,Male,86.24,66.47,7.89,5,A+,B+,B+,A,B+,A-,C,D,B+,A,B,1,5,1,1,48,0,209,0,4,1,0,1,2,4,93,4,5,1
S0016,Male,84.48,81.08,8.7,4,A,B,B+,C,A-,B+,A,A-,C,A+,C,2,5,4,2,83,2,89,16,0,2,3,2,1,9,50,4,1,1
S0017,Male,67.27,55.27,9.37,3,A,B+,A,B-,A-,B+,A,B+,C,B,B,5,2,4,0,43,0,38,15,0,3,2,0,1,8,96,4,1,1
S0018,Male,79.07,84.65,5.16,3,A+,D,A,B,A,C,A,A,B+,B-,A-,2,3,3,0,39,0,26,15,0,2,1,0,2,0,82,4,3,1
S0019,Male,65.28,57.67,5.92,4,A,A+,A-,B-,B+,B,A,B-,A-,B,A+,3,1,4,1,78,0,197,2,5,4,2,1,0,5,57,1,3,1
S0020,Male,61.2,75.43,9.07,2,C,B+,A-,B+,A-,B-,B,B-,A+,A,B,1,1,1,5,40,0,229,14,2,1,1,0,2,7,65,2,2,0
S0021,Female,68.73,61.86,7.17,3,A+,A+,A,B,A,A,A+,A,B,B+,C,3,2,3,4,60,1,15,1,5,0,3,3,1,6,97,4,4,1
S0022,Male,83.62,78.64,6.69,3,B,A,A,B+,A,B,A,B-,B+,B,B+,1,1,1,3,95,1,21,10,3,4,3,0,2,1,84,1,5,1
S0023,Male,84.53,71.59,6.0,2,A-,A-,A+,A-,A,A-,A,A,C,A,A,1,3,4,3,39,2,72,8,4,4,3,3,2,1,63,3,5,0
S0024,Male,80.13,52.86,6.83,1,B,A,C,B+,B+,A+,B,A+,B+,B+,B+,2,1,4,3,50,3,183,4,2,0,2,2,0,9,90,5,1,0
S0025,Male,82.25,77.05,5.82,1,B+,C,C,A,A+,A+,B-,B,D,A,B,1,1,5,4,30,3,134,2,4,4,2,0,0,0,76,1,1,1
S0026,Female,80.16,65.06,10.0,4,A,C,B+,A-,A,B,B,A-,B-,A,A+,3,2,2,0,75,2,0,7,1,2,1,2,1,0,93,5,1,1
S0027,Male,68.59,82.57,7.47,5,B-,A,D,A,C,A-,A,B+,C,C,B-,3,4,2,0,49,0,207,5,1,4,1,3,2,2,97,5,3,0
S0028,Male,79.32,72.02,7.43,3,B+,B,B,A,B+,B-,B+,B,A,C,B-,3,4,3,5,50,2,13,6,4,0,0,0,1,2,50,3,1,1
S0029,Male,83.0,76.75,8.21,3,B-,B+,A+,A,A+,B,A+,A+,A,A-,B+,2,3,1,5,66,0,221,11,2,3,1,3,2,7,88,3,2,0
S0030,Male,82.54,60.51,8.65,4,A-,B-,A,B-,B,A+,A,A,B,A,A,2,4,2,0,43,0,243,6,0,1,3,3,2,8,99,3,1,0
S0031,Female,86.89,64.93,8.64,4,D,B,C,A-,A+,B,B-,B+,B,B,B,4,5,3,5,87,3,146,8,2,0,2,2,0,4,92,1,4,1
S0032,Male,82.08,66.5,8.79,3,B,A+,B,B,B,A,B+,A,A,A,A,5,2,4,1,86,2,274,8,5,2,0,2,2,0,79,3,1,1
S0033,Male,78.51,82.28,6.74,2,C,B,B-,A,B,A-,A,A+,B,A,B+,4,4,2,5,86,1,76,0,2,2,2,2,0,1,84,4,5,1
S0034,Female,85.7,92.13,7.14,2,B+,B,B-,A-,B,B,A-,A+,B+,A-,A+,4,1,1,0,98,0,107,2,4,3,3,3,2,3,59,1,5,0
S0035,Female,74.73,62.34,8.42,5,B+,B+,A-,A,B,B-,A,B-,A,B+,B+,1,4,5,5,99,0,110,4,2,2,3,3,1,8,80,2,1,1
S0036,Female,66.18,84.92,6.87,3,B,C,A+,A,A+,B+,A-,C,B+,A+,A,1,2,5,0,53,2,124,10,1,0,3,2,1,4,61,3,5,0
S0037,Male,73.37,45.96,7.49,3,B-,C,A,B,B,B-,B+,A,C,B+,B-,4,1,2,0,89,0,92,3,4,2,0,3,2,8,89,1,1,1
S0038,Male,67.55,57.67,7.98,3,C,B+,A+,B,A,B,A,A,B+,A+,B,5,1,5,3,52,1,236,11,5,3,2,2,0,0,84,3,1,0
S0039,Female,68.25,60.49,8.44,3,A,B,A,A,A,A-,C,B,B,B-,D,4,2,3,2,76,3,247,0,4,3,1,1,0,8,83,5,3,1
S0040,Male,73.55,55.77,5.37,4,B,D,A-,B+,C,B+,B+,C,A+,C,A,2,3,1,0,67,2,142,0,4,4,2,0,0,7,88,4,3,1
S0041,Male,67.08,53.0,8.36,1,A,A,A,B-,B+,B,B-,A,B,B,A+,3,3,4,2,81,0,208,12,2,4,2,1,2,0,81,5,5,0
S0042,Male,71.92,76.96,7.22,3,B+,A,A,A,C,A+,B,B-,C,B+,A-,4,2,1,5,42,2,22,19,3,2,0,3,1,6,61,3,5,0
S0043,Male,56.06,69.43,8.35,1,A,A,A-,A+,A+,B-,B,B+,B+,A,A+,1,2,4,0,37,2,9,4,5,2,1,0,0,4,94,1,2,0
S0044,Female,77.13,76.55,8.43,2,A,B-,A,B,B+,B,B+,C,A,B,A,5,2,5,3,61,0,255,19,5,2,1,3,1,9,77,4,2,1
S0045,Male,75.01,80.29,9.43,5,C,B,B+,A+,A+,A,A+,A,B,C,B+,1,1,3,3,46,1,176,1,0,2,2,3,0,7,68,5,1,1
S0046,Female,66.83,75.19,9.12,2,A,A,A-,C,B,D,B,C,C,A,B+,2,1,4,5,34,0,253,18,5,4,3,0,2,3,73,4,2,0
S0047,Male,81.59,79.89,9.12,3,B,D,B,B,A+,A,A-,A-,A,B+,A+,1,2,5,5,79,2,289,6,0,0,2,3,2,1,69,4,4,1
S0048,Male,84.38,71.17,9.23,2,B+,B,C,B+,A,C,A,C,A-,A,A-,1,1,4,5,41,1,94,15,1,0,0,3,0,0,71,3,3,0
S0049,Male,58.92,57.76,7.85,4,A,B-,A,A-,A,A,A-,B+,A,A-,B+,5,5,2,2,73,1,294,3,4,0,3,3,1,6,60,4,5,0
S0050,Male,67.37,84.69,7.54,1,A,A+,A+,B+,B,B,B,B+,B+,A-,A,5,2,1,3,97,0,79,17,0,4,0,2,0,0,77,2,2,1
S0051,Female,67.31,64.93,8.55,3,B+,B+,B-,A+,A,B+,C,B-,B+,C,B-,1,1,3,1,88,2,217,10,2,0,3,3,0,8,94,2,4,1
S0052,Female,65.6,60.77,8.38,4,A,B,B+,C,B-,B,A-,B,C,A,A,1,3,5,4,39,1,208,15,5,0,3,0,0,0,89,5,2,0
S0053,Female,83.29,69.86,7.13,1,B-,B+,B,B,A,A,B+,B,A-,B+,A,4,2,3,4,77,1,99,9,2,4,3,1,1,5,69,5,5,1
S0054,Female,73.06,61.05,7.99,4,C,B,A,A,A+,A,B-,A-,B+,C,A,2,2,1,5,57,0,22,1,2,1,1,0,0,1,54,1,2,1
S0055,Male,72.35,66.99,7.46,2,A,B-,B-,B+,A-,A+,A,B,B-,B+,A,4,2,4,0,34,0,280,9,5,2,3,0,0,5,89,3,3,1
S0056,Female,54.96,76.13,6.48,3,A,A-,C,A,C,B-,A,C,A,B-,B-,5,4,4,3,73,0,196,2,1,2,1,1,2,5,56,5,2,1
S0057,Male,81.35,76.18,9.05,2,B+,B-,B,A+,A,A,A,A+,B,A+,A,4,2,3,4,60,1,246,11,4,1,0,3,1,4,71,1,4,0
S0058,Male,62.61,61.23,7.57,5,B,A,A,B,A,B,B-,B+,B,C,B,4,3,4,2,45,2,89,19,0,3,3,1,2,4,86,5,2,1
S0059,Male,75.6,66.15,9.96,3,A,A,B-,B,B,B-,A,B-,A,A,A-,1,1,4,2,52,1,252,1,4,0,3,1,2,7,90,1,5,1
S0060,Male,77.77,84.89,5.55,2,A+,A+,B,B+,A,C,A,B,A,C,B,1,2,4,5,50,1,5,7,4,1,3,2,0,6,78,3,2,1
S0061,Male,88.61,77.96,6.83,3,B+,A-,B,A,B,A,B+,B-,B+,A,C,2,5,2,2,31,1,18,17,2,0,0,2,0,4,61,3,4,0
S0062,Male,61.91,96.9,7.54,1,C,A-,A+,B,A,B-,B-,B-,A-,A-,B-,3,1,5,0,52,1,274,8,0,1,2,0,0,3,78,5,2,1
S0063,Female,44.8,86.16,8.86,3,A-,B-,B,A+,B+,A,C,B,A,A,A+,3,3,5,4,40,0,109,10,1,2,2,0,2,0,85,2,1,1
S0064,Male,76.84,85.73,7.98,3,A-,B,A,B,A,B,A-,B,C,A-,B-,4,4,1,4,31,0,94,2,4,0,0,2,1,1,84,4,5,1
S0065,Male,93.01,55.35,7.87,1,C,A-,A,B+,B+,B,C,C,B+,A,B+,2,3,4,4,42,0,86,7,5,4,0,1,1,9,92,5,1,1
S0066,Male,87.39,81.17,6.15,2,B,B,B+,B,B,A+,A,B-,B-,C,A-,2,4,3,2,74,0,12,4,3,2,0,1,2,6,71,1,1,1
S0067,Male,77.1,71.36,6.11,3,B,A+,A,B-,B,A,A,B-,A,A,B,5,1,4,5,39,2,194,14,2,2,2,1,2,9,67,3,5,0
S0068,Female,70.08,65.39,7.89,4,B+,A,B,B-,B+,B+,C,A+,C,B,C,1,4,1,2,50,0,75,9,3,2,1,3,1,0,71,5,5,0
S0069,Male,83.07,74.02,5.86,3,C,B,B,D,C,A-,B+,A,B,A,A+,5,1,4,0,30,0,228,13,1,0,0,2,0,8,68,3,4,1
S0070,Female,65.26,83.34,6.86,2,B,B,A,C,A,C,A,B+,B-,B-,B,3,3,2,5,45,1,158,4,1,3,2,3,1,5,83,5,4,1
S0071,Female,79.76,78.01,8.1,1,B-,B,B,B,A,A-,B+,B,A-,B+,A,2,3,1,1,72,2,22,17,1,1,1,1,2,4,58,3,4,1
S0072,Male,80.05,61.46,6.32,2,B,A-,C,C,B,C,B,A,B+,C,A-,3,4,5,4,35,2,204,11,1,1,3,3,0,5,59,2,1,0
S0073,Male,85.6,80.91,9.43,5,B,B,A,B-,B,B+,B-,A+,B+,A-,B-,1,5,5,0,40,1,239,2,0,4,3,0,0,0,68,1,2,1
S0074,Female,100.0,64.35,8.97,3,A,B,B+,B,A+,C,B-,A,B,A,B+,1,3,2,2,95,3,194,7,3,3,0,2,1,1,87,5,3,1
S0075,Female,78.92,74.6,5.61,3,A,C,A,A+,B,B,B+,B,B-,A,A+,1,4,5,1,78,0,198,13,2,2,1,1,0,6,58,3,2,0
S0076,Female,69.91,68.36,6.38,1,B,A,B+,A+,A-,B-,B-,B-,A+,B,B+,3,2,2,3,49,0,137,0,3,1,2,0,2,5,77,5,3,0
S0077,Female,74.74,69.37,4.76,3,A,B+,A,B-,B,A,B+,C,C,B,B,2,1,5,1,50,1,222,3,0,0,3,3,1,6,79,1,3,1
S0078,Male,57.31,81.19,6.56,4,B+,B,A-,B+,B-,B+,B,A-,C,B,B+,5,2,5,0,65,1,214,7,4,2,3,0,2,5,74,5,3,1
S0079,Male,68.05,59.52,8.42,4,A,D,A+,B-,B+,A,B,A-,B+,A+,A,2,2,4,1,67,0,7,12,1,2,2,1,2,6,67,4,3,0
S0080,Male,70.91,95.34,7.0,2,B-,A,D,A,A+,A,A-,A-,A,B+,A-,2,2,1,2,85,0,215,15,4,3,3,2,2,6,75,3,5,1
S0081,Female,69.76,50.15,8.05,1,A,B+,B,A-,B,B,A+,A-,B-,C,C,4,4,5,1,40,0,283,15,1,3,3,2,1,5,68,1,4,1
S0082,Female,76.52,64.83,5.67,5,B-,A,B+,B,B,B,A-,B,B+,A,B,2,3,1,2,47,2,254,8,2,1,0,1,2,7,76,2,5,0
S0083,Male,66.78,76.44,8.46,2,B,B+,A-,C,A,A+,B,A-,B-,A+,B,5,2,1,1,74,1,204,18,1,1,1,2,2,6,85,4,1,1
S0084,Male,86.21,79.01,6.83,1,A,A,B+,A+,B+,B+,A,A+,B-,B,B,4,4,5,0,55,2,160,7,1,2,1,0,0,8,53,5,5,1
S0085,Male,75.0,70.79,7.51,1,B+,A+,A-,B-,C,B+,A,A-,A+,A,A+,2,3,1,3,88,2,113,18,5,4,1,1,0,4,98,5,4,0
S0086,Male,74.91,71.31,7.39,2,A,B+,A-,B,A,A+,A,A,B,B,B+,4,1,2,4,35,1,244,0,4,2,1,3,2,7,75,4,2,1
S0087,Female,71.72,76.93,5.97,2,A,A,B+,A,A,B+,A+,A+,B+,B+,A-,2,3,3,1,72,1,202,12,5,0,2,2,0,7,94,2,4,1
S0088,Female,76.55,69.23,6.12,3,A-,A,A,A-,A,B,B,B+,C,D,A,1,3,2,3,81,0,216,12,4,4,1,3,1,7,52,2,2,0
S0089,Female,83.25,88.72,8.66,5,A+,A,A,A+,B+,A+,A,A,A,B-,A,1,2,5,1,91,1,144,3,4,1,0,2,0,3,85,5,1,1
S0090,Male,66.33,82.07,7.98,4,D,A+,B+,A+,C,B,A,B+,A,B,B,2,4,2,5,46,3,133,9,0,4,2,2,1,8,56,5,3,1
S0091,Male,68.42,82.47,8.76,3,A+,C,B-,B+,B,B+,B,A,B-,A,A,4,5,3,3,75,2,173,10,1,4,0,1,1,9,59,2,5,0
S0092,Female,71.96,60.41,7.89,1,B,B+,A,A+,A,B-,B-,B,A,A,A,5,1,2,2,70,2,269,13,4,1,3,1,0,3,94,2,3,1
S0093,Female,61.54,71.05,7.67,5,A-,B-,A+,A,B,A,A+,D,B,B-,A,1,4,1,3,42,0,164,4,0,0,1,0,0,5,53,2,1,0
S0094,Male,66.81,68.39,5.43,5,B,A-,A,B-,B,B-,A,B+,A,B+,A+,4,2,5,4,35,2,106,12,5,0,1,3,1,5,56,5,1,1
S0095,Female,70.24,59.93,7.18,2,A-,C,C,B+,B+,A+,C,B,B+,B,B+,5,4,1,3,62,1,247,14,5,3,2,3,2,1,71,3,2,1
S0096,Male,83.74,76.32,7.47,5,B,B+,B-,B,A,A-,A-,C,B,A-,B,4,5,1,4,33,0,28,16,2,3,1,1,2,6,79,4,2,1
S0097,Male,77.63,65.55,9.84,5,B,B+,B+,A,B,A,C,A-,A-,A,A+,2,1,5,4,79,2,219,15,2,0,0,1,2,6,71,2,1,0
S0098,Male,76.94,79.86,8.32,1,B,B+,C,B-,A-,B-,A,A,C,A,A,1,3,5,3,77,3,208,0,1,0,2,3,2,0,78,5,4,0
S0099,Male,83.51,59.16,9.34,3,A,B,A-,B-,A+,B,A,A,A,A,B,1,1,4,4,56,1,48,11,4,3,1,3,0,4,60,1,3,1
S0100,Male,73.63,92.63,8.22,5,B,B+,D,B+,B+,A+,A,A-,A-,B,B+,1,5,3,4,35,1,1,19,1,3,0,2,0,8,65,5,5,1
S0101,Male,78.9,61.24,6.65,2,A,A,A,C,D,A+,A+,B,A-,B,B,2,1,1,5,87,3,197,18,1,0,3,2,1,9,93,3,1,1
S0102,Female,73.97,74.63,7.64,3,A+,A,A,B-,A,A,B-,A+,B,A+,A,5,1,1,2,92,1,88,6,1,1,1,1,1,4,55,3,5,1
S0103,Male,77.65,81.5,7.78,2,A-,B,B,B,C,A,C,B-,A-,B,B-,5,2,5,0,30,0,210,4,0,0,1,3,2,9,86,2,1,1
S0104,Male,69.17,65.15,6.37,5,A-,B+,A-,B,A+,B,C,A+,A+,B-,B+,1,3,5,2,57,1,69,7,1,1,1,2,1,6,62,4,2,0
S0105,Female,50.61,82.23,7.04,3,B+,A+,B,A,B,B,B-,C,C,B,B,5,5,2,0,58,0,192,3,5,1,3,2,0,8,82,5,2,1
S0106,Male,73.66,57.25,7.25,5,B,A-,A,A,A,C,B-,C,A-,B+,A+,1,2,1,0,57,1,45,13,2,1,1,3,2,0,96,4,1,1
S0107,Male,89.23,89.43,9.43,1,A,B+,B,A+,A,C,B,D,A,A,A,5,1,1,2,97,0,62,5,4,3,3,3,2,8,57,1,5,1
S0108,Female,84.26,72.17,5.0,3,A,B-,A,A+,B+,B,B-,B-,A-,B-,B,1,1,5,4,70,0,118,18,3,2,0,1,2,3,60,4,3,0
S0109,Male,84.65,64.84,8.95,2,A+,A+,A+,A,B+,A+,A,A,A,A-,A,5,4,1,5,84,1,225,3,3,0,2,3,1,0,82,4,1,1
S0110,Male,87.36,68.41,6.38,1,B,A,C,B-,B,A-,A-,B,A,B-,A+,4,2,3,2,61,1,26,9,3,4,0,1,2,7,82,2,1,0
S0111,Male,75.89,81.71,5.85,4,B+,B-,B-,A,B,B+,B,A,A,B,B+,1,5,4,4,98,0,190,18,4,4,0,2,0,2,93,1,4,0
S0112,Male,76.97,64.99,8.92,2,A,B,C,C,B+,B+,B-,B-,A,B-,B+,1,5,5,2,51,0,278,9,1,0,2,0,2,7,97,3,1,1
S0113,Female,68.82,63.01,8.38,5,B,A,B,B+,C,B,B,A,A,D,B,3,5,5,2,86,0,227,12,5,1,2,0,1,5,89,4,2,0
S0114,Female,71.84,69.34,9.01,2,B+,B-,B,A,B+,C,B-,A,A-,B,B,1,5,1,5,51,0,223,2,4,3,1,3,1,5,76,1,4,0
S0115,Female,81.16,57.88,8.46,4,B+,B+,B+,B+,A,B-,B+,C,B,A+,B+,5,1,4,1,95,1,294,7,4,3,3,1,2,7,95,1,4,0
S0116,Female,87.04,93.85,9.97,2,B+,B+,A,A,A,A,B,A+,B,A,B+,4,1,4,3,70,0,57,9,5,1,1,0,2,8,88,3,2,1
S0117,Female,73.61,65.2,8.17,1,B,C,A,D,A-,A,C,A,A+,A+,C,4,2,5,2,72,0,208,1,0,0,0,2,1,7,67,2,2,1
S0118,Male,70.5,81.98,7.31,2,B,C,A,B-,B,B-,A,A-,C,A,B+,5,3,5,3,63,1,141,0,5,4,3,2,0,6,94,1,2,1
S0119,Female,75.01,74.51,7.91,3,A,A-,B-,A+,A+,B-,C,B,B-,A+,B,2,5,5,4,31,0,149,9,4,3,1,1,0,2,81,3,5,1
S0120,Male,81.01,60.19,8.99,4,A,A,A,C,A,A,B+,B,C,B+,A,1,1,3,1,88,0,16,12,0,1,2,0,2,3,94,5,4,1
S0121,Female,60.56,71.93,6.56,2,A,A,C,B,A,B,B,B,A-,A+,B-,4,2,1,5,65,3,239,0,2,3,2,2,2,8,90,1,3,0
S0122,Female,52.04,81.41,6.72,4,B,A+,B+,A+,B+,B,B-,B-,B,B+,A+,5,5,3,1,37,0,37,1,0,1,1,2,2,3,73,5,3,0
S0123,Male,69.49,69.74,7.13,1,B-,A+,B,B,A,B+,A-,A,A,B-,B+,4,3,5,0,62,1,286,9,3,3,3,3,1,7,71,5,5,0
S0124,Male,62.79,86.32,4.97,3,A-,A-,A,B,A,A,A-,B+,B-,B,A-,4,5,4,5,62,1,97,3,0,4,0,0,1,5,99,1,3,0
S0125,Male,69.92,84.26,7.67,5,A,C,A,A,B+,B-,B+,B,A,C,B,5,4,1,5,97,1,57,6,2,3,3,3,2,4,52,3,4,0
S0126,Male,73.52,83.03,5.24,2,B,B-,C,B,B,B,A+,B,A,A,A-,3,5,1,3,47,0,16,4,4,0,1,2,1,6,52,5,2,0
S0127,Female,70.47,66.48,7.56,1,B-,B+,A,A+,A,A,B+,A-,B+,B+,B,4,4,5,1,93,3,119,15,3,2,2,2,1,0,63,2,4,1
S0128,Female,89.52,59.04,8.54,4,B-,B+,A,B+,B+,B,A,A+,B+,A,A+,4,3,5,4,90,3,22,6,0,1,2,0,0,9,81,4,5,1
S0129,Male,78.27,64.64,6.93,4,B,A+,A,A+,A+,B,C,A+,B+,B+,A-,2,4,5,0,39,3,209,8,5,2,0,0,1,2,58,5,5,1
S0130,Male,78.0,74.35,9.51,1,B-,A,A,C,C,B-,A+,A,A,B+,B-,3,3,5,1,79,2,212,19,1,4,2,1,2,4,65,5,1,1
S0131,Male,81.22,78.55,5.75,2,A+,A+,A,B,A,A,B+,A,A-,A+,A,2,2,5,4,51,1,147,8,5,4,0,0,0,3,74,4,5,1
S0132,Male,63.61,45.94,8.93,5,A,B,B,A,D,D,C,A,C,A,A+,5,4,5,3,68,1,95,10,4,2,0,1,1,2,54,3,5,0
S0133,Male,85.39,71.9,8.31,2,A+,A,B+,A,C,A,C,A-,B-,B,B+,1,5,1,4,94,1,259,16,3,4,3,3,0,2,62,2,4,0
S0134,Male,74.24,73.9,5.44,3,B,B-,B+,A,B,B,B,A,B+,B,C,5,5,3,4,59,1,72,10,3,4,3,0,1,8,80,2,4,1
S0135,Female,81.7,68.67,10.0,2,A+,B,A,B,A+,B,B+,B,B+,B+,A+,3,2,4,4,34,3,48,8,0,1,1,3,1,4,70,5,5,0
S0136,Male,64.28,87.5,7.42,3,B+,A,B-,A+,B+,A-,A,B-,A,A,A+,5,1,5,2,55,0,221,18,4,1,1,3,0,2,89,1,4,1
S0137,Male,59.46,77.06,6.45,4,B+,A,B,B-,A+,B+,A-,A-,A,A-,B+,3,3,4,5,92,1,281,7,4,1,0,1,1,4,58,1,4,0
S0138,Female,83.18,87.72,5.81,3,A,B,A+,C,B-,B-,A+,B+,A,A+,A,2,1,1,1,75,2,31,4,1,0,1,2,2,8,70,5,5,0
S0139,Male,78.76,69.41,7.24,5,B-,C,A-,B,B,B,B,C,B+,C,A-,4,1,4,4,60,1,27,5,1,0,2,1,1,2,58,1,2,1
S0140,Female,65.98,83.25,7.35,1,A,B,A+,A,C,B+,A,B+,B,B-,B-,5,2,1,0,70,1,167,18,3,0,0,1,0,4,59,2,5,1
S0141,Female,66.3,91.62,7.62,3,A-,A,B,A-,B,A,B,D,B+,A+,A,5,2,2,2,41,0,36,10,5,0,0,3,0,1,90,2,3,1
S0142,Male,86.25,87.74,7.14,2,B,B+,B,B+,B+,A+,A-,A,A,A,B,4,4,3,4,46,1,233,1,3,2,1,2,1,7,93,4,4,0
S0143,Male,63.11,58.89,8.26,3,A+,A,C,B,B+,A,B+,B-,A-,B+,B+,5,4,2,4,47,1,178,2,2,1,3,0,2,5,61,2,1,1
S0144,Male,91.43,68.96,7.03,4,B,D,A,B,A-,C,B+,B+,A,A,C,5,4,1,5,95,0,56,1,3,4,0,0,1,7,60,3,5,1
S0145,Male,65.99,67.86,5.18,3,B-,B,B+,B+,B+,B,B-,A+,B,C,C,1,4,2,1,68,0,232,12,1,3,0,3,1,0,69,2,2,0
S0146,Male,81.38,77.87,7.32,5,C,B,A,A-,B,C,A,C,A,B,B+,1,4,1,2,62,0,71,10,0,0,3,1,1,1,99,5,2,1
S0147,Female,71.71,80.24,4.66,3,B-,A-,A-,B-,C,A+,A-,C,B+,A,B+,4,5,2,4,37,0,194,10,2,4,3,0,1,6,88,1,4,1
S0148,Male,81.03,61.93,7.92,5,A,B,B+,A+,B+,B,A,A-,B,A+,B,2,2,1,4,55,0,2,12,3,1,0,1,2,6,82,1,5,0
S0149,Male,69.56,72.81,6.32,2,B+,A,A+,B+,B-,A+,A+,C,A,B,A,5,3,3,3,64,1,201,18,1,2,1,2,1,8,56,2,5,0
S0150,Male,73.37,47.76,7.7,4,A+,A+,B,B,B-,B,B,A,A+,A-,A,5,3,3,0,86,0,190,12,5,4,0,0,2,5,50,2,3,0
S0151,Female,75.41,89.3,9.08,1,A,A-,B+,A+,B+,A-,A,B,B+,B,C,2,3,3,0,50,0,206,0,2,3,0,0,1,6,63,1,5,1
S0152,Male,64.98,65.85,6.36,2,A+,C,B-,B,A,A+,A+,A,A+,A,A-,5,3,1,1,66,3,110,12,0,4,0,0,2,3,94,1,3,0
S0153,Male,82.41,72.67,8.77,2,A,B,A,B-,B,B+,B-,A,B+,A,A+,2,3,4,2,34,0,50,5,0,1,1,3,1,1,70,2,2,1
S0154,Male,69.87,68.28,6.98,1,B-,A+,C,B,A-,A,B+,B,B,B,B-,4,5,2,5,46,0,237,7,5,4,3,2,0,8,94,3,5,1
S0155,Female,72.71,85.75,9.6,3,A,B-,D,A+,A+,B,A,A-,A,B+,B+,4,2,2,5,54,0,133,18,1,2,0,1,1,0,98,3,4,1
S0156,Male,65.06,37.95,7.06,3,B+,A,C,A,A-,B,A+,A+,B+,A,A,2,4,2,4,90,2,280,13,4,1,3,1,1,5,57,1,3,1
S0157,Female,49.38,71.8,6.49,3,A-,A,B,A,D,B,A,A-,C,A,A+,2,4,2,5,66,3,225,5,5,0,0,2,0,9,66,4,3,0
S0158,Female,73.09,70.73,8.32,4,B+,A,B-,A,A+,D,B+,A,B+,B+,A,3,4,3,2,95,0,25,16,1,1,1,1,0,8,94,3,4,1
S0159,Male,99.13,66.56,6.98,2,C,B+,B+,C,B,A-,B,B,D,B,C,1,2,4,1,42,0,215,1,1,4,0,3,1,9,98,5,1,0
S0160,Female,82.85,92.71,6.49,5,A,B+,A,B,B-,B+,B,A,A,A,C,1,2,2,3,69,1,79,15,1,3,0,1,2,9,64,1,4,0
S0161,Male,74.81,61.35,6.93,1,B,B+,B,A,B,B-,A,B-,B,B,A,5,5,4,1,71,1,291,4,4,1,3,3,0,1,51,3,3,1
S0162,Female,72.37,81.26,7.45,2,A-,B,B,C,B+,B+,B,A,B,A,B-,5,5,1,0,99,2,20,19,3,1,0,3,0,1,62,2,4,1
S0163,Female,75.22,76.28,9.11,3,A+,A,D,B,B,A+,A-,A-,B-,A,A-,2,4,1,3,54,0,221,5,3,1,0,2,0,8,78,4,3,0
S0164,Male,80.47,87.14,5.18,1,B+,B,B+,A,A-,B-,B+,A,A+,B,B,2,2,2,4,71,4,48,1,0,1,0,3,0,9,77,2,1,1
S0165,Male,63.19,63.99,7.53,5,B-,A,A,A-,A+,A+,B-,B,A,B,A,1,4,5,1,39,1,59,4,3,4,3,0,0,9,57,2,5,1
S0166,Female,86.14,63.2,8.25,2,A+,B,B,A,C,A,A,A,A,A,B+,5,5,3,2,72,2,241,9,1,0,2,3,0,8,84,4,2,1
S0167,Male,82.15,85.15,7.73,2,A+,B,C,C,A-,A,A,B+,C,A,A,1,4,2,2,97,0,18,18,5,3,3,1,1,3,73,1,1,1
S0168,Male,82.18,77.1,9.07,4,A,B,A,B+,B,A+,B-,A,A-,A+,A+,4,5,3,0,57,2,77,0,3,1,0,2,1,7,56,2,5,1
S0169,Male,79.38,53.46,7.41,2,B,B+,A,B-,B+,A+,A,B-,C,B-,A,1,1,2,0,53,3,130,5,4,3,2,1,0,7,77,1,4,1
S0170,Male,75.2,65.53,7.28,2,B,B,B+,A,A+,A+,A,A+,A,A+,A,1,3,3,5,70,1,213,15,5,4,3,0,2,1,71,1,3,0
S0171,Female,81.73,76.64,8.21,5,B+,A+,A,B-,C,A-,B,B-,A,A,C,2,1,5,0,90,0,127,9,3,0,3,3,2,3,75,1,1,0
S0172,Male,80.92,82.05,7.62,5,B+,B-,A+,A+,B,A,B,A,A,A,C,5,4,5,0,34,0,106,7,1,1,2,0,2,5,66,2,4,1
S0173,Male,71.46,63.85,7.03,1,B-,A+,A,D,A,A,B-,A+,B+,A-,B-,4,4,1,4,40,0,180,19,3,0,2,3,1,3,87,1,5,1
S0174,Male,69.26,37.03,8.12,3,B,A,B-,C,D,B,A,A,B-,B,A,1,2,2,3,37,1,193,18,5,1,2,0,1,6,55,2,2,1
S0175,Female,76.02,78.28,6.72,5,B-,B+,A+,A-,B,A,A-,A,A-,A,A-,1,3,5,5,50,1,44,19,0,1,2,0,1,9,60,1,1,1
S0176,Male,90.49,57.36,6.77,1,B-,B,A-,B,B+,A+,A,B+,C,B+,A-,2,5,5,0,93,1,56,6,3,2,1,0,1,4,87,5,2,1
S0177,Female,62.61,47.79,6.87,2,B,A+,B,B,B,A-,B+,D,A,A+,A-,3,4,2,1,34,0,182,14,0,3,1,0,0,3,51,2,4,1
S0178,Male,60.32,38.01,9.12,1,B+,C,C,C,A,A,A,A+,B,B+,A+,5,5,2,4,63,0,274,4,2,0,1,0,0,5,81,5,5,0
S0179,Female,76.65,81.77,4.0,1,B-,C,D,A,B+,A,B,B+,B,A,B+,5,5,1,3,38,0,4,3,4,3,2,0,2,5,75,1,1,0
S0180,Male,75.51,73.54,7.97,1,C,B,A-,B+,A+,A-,A+,A-,A,A,A+,5,5,5,4,67,0,153,18,0,3,0,3,2,4,80,2,5,1
S0181,Male,76.73,69.29,7.54,1,A+,B+,C,B-,B+,B,A+,A,A+,A-,B-,1,1,3,2,72,0,18,18,5,3,0,1,0,5,81,4,3,1
S0182,Male,77.44,88.67,5.48,5,A+,B,A+,B,B+,B,A-,A,A-,B,B,1,5,2,4,39,1,30,9,2,0,0,2,2,4,84,5,5,1
S0183,Female,72.77,79.65,7.87,3,C,A,B,A-,B-,C,C,B-,A+,B,A-,1,2,2,5,41,0,146,7,2,1,3,2,1,6,51,3,5,0
S0184,Female,89.9,91.4,8.07,1,A,B+,B,B-,B,B+,B-,A+,C,A-,B,3,1,2,4,47,0,124,19,1,1,0,1,2,4,52,3,5,1
S0185,Male,58.99,55.29,8.21,4,B-,C,A,A+,A,B+,D,B,C,A,A,1,1,2,2,41,1,24,0,2,1,1,3,1,3,82,4,1,1
S0186,Female,66.72,71.59,4.32,2,A-,C,B+,B,B-,A,A-,A,B,A,A,5,4,5,2,60,0,152,19,4,1,2,3,2,8,56,4,1,0
S0187,Female,73.97,52.6,9.14,2,A,C,A,A,B+,B,A+,A-,B,B+,A,5,3,3,2,40,1,236,12,4,1,3,2,1,4,70,3,1,1
S0188,Male,58.57,69.25,6.61,2,A+,A,B-,A,B,A,A,A-,A,B-,B,2,3,1,5,56,1,213,6,4,1,1,2,2,5,97,2,2,1
S0189,Male,73.24,69.02,8.32,2,A,A,A-,B+,A,B+,B,A,A+,C,A,3,4,4,5,50,2,140,1,4,4,0,0,1,1,74,1,4,0
S0190,Male,91.61,79.52,8.39,2,A,A,B,A-,B-,A-,A,A+,B-,B,B+,4,3,5,4,42,0,297,8,1,4,2,1,0,0,65,2,4,1
S0191,Male,75.21,72.55,6.45,1,B+,A-,A,B+,C,B,A,A,B+,A-,A,1,5,5,2,74,2,142,18,3,1,0,0,0,2,72,3,5,1
S0192,Female,77.31,79.48,8.29,3,B,A,A,B+,B,C,A+,A,B,B,A,4,2,4,0,76,0,22,8,5,0,1,0,1,6,66,5,2,1
S0193,Female,62.4,80.44,7.04,4,D,A-,D,A,C,C,B+,B-,B,A,A,1,5,4,1,54,1,283,16,5,3,1,0,0,0,82,5,4,0
S0194,Female,68.84,97.86,5.01,5,A-,B,B,A,A,A,A,A,A-,B,B,3,3,2,1,93,0,111,17,0,3,1,1,2,0,67,1,1,0
S0195,Male,71.25,68.22,8.9,4,B+,B,C,B,B-,A,A+,B,A,A,B+,3,3,3,2,99,1,268,9,1,0,0,1,0,7,88,1,3,1
S0196,Male,71.82,60.71,6.57,5,B+,B,A,A-,B+,B-,A-,A,B,A,B,5,2,5,3,57,1,95,0,5,4,2,1,1,2,72,3,3,1
S0197,Female,87.82,74.95,6.47,5,B+,B-,A,B+,A,B+,A-,B-,B+,A+,A,3,1,5,4,49,1,171,10,1,3,2,0,0,1,58,3,4,1
S0198,Female,80.58,62.37,7.02,4,B+,A+,B+,B,B,B+,B+,A-,B-,A-,A+,4,1,1,1,70,1,290,18,0,4,3,3,2,7,52,1,2,1
S0199,Female,63.89,89.78,7.83,1,A+,A+,B+,C,B,B,B,A,A-,B,B,4,2,4,5,33,1,234,18,5,2,3,1,1,9,97,5,4,1
S0200,Female,77.47,68.6,7.43,2,A+,B,A,B,A,B,A,D,A,B,A,3,1,4,5,98,1,86,1,0,3,3,0,0,1,84,4,1,1
